gene	baseMean	log2FoldChange	padj	chrom	start	end	strand	SW1_Control	SW2_Control	SW3_Control	SW4_Treated	SW5_Treated	SW6_Treated
1	CALM2	73953.5081245987	0.279040040380958	5.36918812959428e-06	chr2	47160082	47176601	-	62166.7447715553	70176.7208659033	68128.029604897	78758.1010376434	81115.9194379199	83375.5330296734
2	MAPK10	99.1163033750231	0.820574865732354	0.012413969064848	chr4	86015123	86594131	-	70.1293478033997	77.8656990996649	66.9992623710525	145.129984963523	122.787533530764	111.785992481735
3	RAB5A	4408.97751141015	0.319928473584685	2.0444098733905e-05	chr3	19947079	19985175	+	3531.79187687677	4172.56326242071	4061.97222883483	4860.06276806861	4877.23505280335	4950.23987945665
4	RGL1	3355.69859004658	0.265806032319589	0.00141484748144307	chr1	183636085	183928531	+	3176.27504426231	3054.41182334952	2911.6289613454	3743.81609359607	3554.17558297575	3693.88403475042
5	RRAS	2591.26592652382	0.395096880309529	0.0031381262191929	chr19	49635292	49640201	-	2598.68194360375	2074.34222401507	2042.90971195803	3009.20752773133	2851.71667021835	2970.73748161637
6	TEK	33.286481016133	1.4060045650718	0.0177096052427805	chr9	27109141	27230175	+	22.4024305483082	18.6877677839196	13.6269686178412	51.0642539686471	51.3994326407848	42.5380325372973
